السيناريو,البديل مدفوعة,البديل محتوى,البديل مؤثرون,الفائز,تغيّر الفائز؟
الأساس,7.85,6.65,6.20,مدفوعة,لا
التكلفة -10%,7.90,6.59,6.23,مدفوعة,لا
التكلفة +10%,7.80,6.71,6.17,مدفوعة,لا
الوصول للجمهور المستهدف -10%,7.81,6.67,6.14,مدفوعة,لا
الوصول للجمهور المستهدف +10%,7.88,6.63,6.25,مدفوعة,لا
سرعة النتائج -10%,7.83,6.70,6.18,مدفوعة,لا
سرعة النتائج +10%,7.87,6.60,6.22,مدفوعة,لا
قابلية القياس -10%,7.83,6.66,6.22,مدفوعة,لا
قابلية القياس +10%,7.87,6.64,6.18,مدفوعة,لا
الاستدامة -10%,7.88,6.63,6.22,مدفوعة,لا
الاستدامة +10%,7.82,6.67,6.18,مدفوعة,لا
